Game_id,Team,Zone,Foot,Keeper,OnTarget,Goal,Penalty_Number,Elimination,Poste
1,FRA,7.0,R,R,1.0,1.0,1,0.0,M
1,GER,9.0,R,C,1.0,1.0,2,0.0,D
1,FRA,6.0,R,L,1.0,1.0,3,0.0,D
1,GER,2.0,R,C,1.0,1.0,4,0.0,M
1,FRA,9.0,R,L,1.0,1.0,5,0.0,A
1,GER,4.0,R,L,1.0,0.0,6,0.0,M
1,FRA,8.0,L,L,1.0,0.0,7,0.0,A
1,GER,3.0,R,R,1.0,1.0,8,0.0,M
1,FRA,9.0,R,L,1.0,1.0,9,0.0,M
1,GER,9.0,R,C,1.0,1.0,10,1.0,A
1,FRA,7.0,R,L,1.0,0.0,11,0.0,D
1,GER,9.0,R,C,1.0,1.0,12,1.0,A
2,BRA,4.0,R,L,1.0,0.0,1,0.0,M
2,FRA,2.0,R,R,1.0,1.0,2,0.0,A
2,BRA,6.0,R,R,1.0,1.0,3,0.0,M
2,FRA,6.0,R,R,1.0,1.0,4,0.0,D
2,BRA,8.0,R,L,1.0,1.0,5,0.0,M
2,FRA,9.0,L,R,1.0,1.0,6,0.0,A
2,BRA,4.0,L,R,1.0,1.0,7,0.0,D
2,FRA,1.0,R,R,0.0,0.0,8,0.0,M
2,BRA,7.0,R,L,0.0,0.0,9,0.0,D
2,FRA,7.0,R,R,1.0,1.0,10,1.0,M
3,GER,1.0,L,R,1.0,1.0,1,0.0,A
3,MEX,6.0,L,L,1.0,1.0,2,0.0,M
3,GER,8.0,L,L,1.0,1.0,3,0.0,D
3,MEX,8.0,R,L,1.0,0.0,4,0.0,D
3,GER,7.0,R,L,1.0,1.0,5,0.0,M
3,MEX,7.0,R,L,1.0,0.0,6,0.0,D
3,GER,4.0,R,L,1.0,1.0,7,1.0,M
4,SPA,7.0,R,R,1.0,1.0,1,0.0,M
4,BEL,9.0,R,L,1.0,1.0,2,0.0,A
4,SPA,7.0,R,L,1.0,0.0,3,0.0,A
4,BEL,4.0,R,R,1.0,1.0,4,0.0,M
4,SPA,1.0,R,L,1.0,1.0,5,0.0,D
4,BEL,7.0,R,R,1.0,1.0,6,0.0,D
4,SPA,1.0,R,L,1.0,1.0,7,0.0,A
4,BEL,5.0,L,R,1.0,1.0,8,0.0,D
4,SPA,1.0,R,R,1.0,1.0,9,1.0,M
4,BEL,5.0,R,L,1.0,1.0,10,1.0,M
5,ROM,3.0,L,R,1.0,1.0,1,0.0,M
5,IRE,2.0,L,R,1.0,1.0,2,0.0,M
5,ROM,9.0,R,R,1.0,1.0,3,0.0,M
5,IRE,9.0,R,L,1.0,1.0,4,0.0,M
5,ROM,4.0,L,L,1.0,1.0,5,0.0,M
5,IRE,7.0,L,R,1.0,1.0,6,0.0,M
5,ROM,1.0,R,L,1.0,1.0,7,0.0,M
5,IRE,8.0,L,L,1.0,1.0,8,0.0,A
5,ROM,7.0,R,L,1.0,0.0,9,0.0,M
5,IRE,6.0,R,l,1.0,1.0,10,1.0,D
6,ARG,6.0,R,L,1.0,1.0,1,0.0,D
6,YUG,1.0,R,R,0.0,0.0,2,0.0,M
6,ARG,1.0,R,R,1.0,1.0,3,0.0,M
6,YUG,4.0,R,R,1.0,1.0,4,0.0,M
6,ARG,7.0,L,L,1.0,0.0,5,0.0,M
6,YUG,7.0,L,R,1.0,1.0,6,0.0,M
6,ARG,3.0,R,L,0.0,0.0,7,0.0,M
6,YUG,7.0,R,L,1.0,0.0,8,0.0,M
6,ARG,7.0,R,C,1.0,1.0,9,0.0,A
6,YUG,6.0,R,R,1.0,0.0,10,1.0,D
7,ITA,8.0,R,R,1.0,1.0,1,0.0,D
7,ARG,5.0,R,L,1.0,1.0,2,0.0,D
7,ITA,4.0,R,L,1.0,1.0,3,0.0,A
7,ARG,8.0,R,R,1.0,1.0,4,0.0,M
7,ITA,4.0,L,L,1.0,1.0,5,0.0,D
7,ARG,9.0,R,L,1.0,1.0,6,0.0,D
7,ITA,6.0,R,R,1.0,0.0,7,0.0,M
7,ARG,7.0,L,R,1.0,1.0,8,0.0,M
7,ITA,9.0,L,R,1.0,0.0,9,1.0,A
8,ENG,7.0,R,R,1.0,1.0,1,0.0,A
8,GER,7.0,R,L,1.0,1.0,2,0.0,D
8,ENG,6.0,R,R,1.0,1.0,3,0.0,A
8,GER,4.0,R,L,1.0,1.0,4,0.0,M
8,ENG,1.0,R,L,1.0,0.0,5,0.0,M
8,GER,6.0,R,R,1.0,1.0,6,0.0,A
8,ENG,8.0,L,L,1.0,0.0,7,0.0,D
8,GER,6.0,R,R,1.0,1.0,8,0.0,M
8,ENG,1.0,L,L,0.0,0.0,9,1.0,M
9,MEX,2.0,L,R,0.0,0.0,1,0.0,M
9,BUL,4.0,L,l,1.0,0.0,2,0.0,M
9,MEX,9.0,R,R,1.0,0.0,3,0.0,M
9,BUL,2.0,R,R,1.0,1.0,4,0.0,A
9,MEX,7.0,R,L,1.0,0.0,5,0.0,M
9,BUL,1.0,R,L,1.0,1.0,6,0.0,M
9,MEX,9.0,R,C,1.0,1.0,7,0.0,D
9,BUL,3.0,R,R,1.0,1.0,8,1.0,M
10,SWE,2.0,R,R,0.0,0.0,1,0.0,M
10,RUM,9.0,R,R,1.0,1.0,2,0.0,A
10,SWE,6.0,R,R,1.0,1.0,3,0.0,A
10,RUM,9.0,L,L,1.0,1.0,4,0.0,M
10,SWE,7.0,R,C,1.0,1.0,5,0.0,A
10,RUM,4.0,R,R,1.0,1.0,6,0.0,M
10,SWE,7.0,R,R,1.0,1.0,7,0.0,M
10,RUM,5.0,R,R,1.0,0.0,8,0.0,D
10,SWE,2.0,R,L,1.0,1.0,9,0.0,D
10,RUM,4.0,R,R,1.0,1.0,10,1.0,M
10,SWE,9.0,R,L,1.0,1.0,11,0.0,A
10,RUM,9.0,R,R,1.0,0.0,12,1.0,D
11,ITA,2.0,R,R,0.0,0.0,1,0.0,D
11,BRA,4.0,R,L,1.0,0.0,2,0.0,D
11,ITA,4.0,R,R,1.0,1.0,3,0.0,M
11,BRA,4.0,R,C,1.0,1.0,4,0.0,A
11,ITA,5.0,L,L,1.0,1.0,5,0.0,M
11,BRA,9.0,L,L,1.0,1.0,6,0.0,D
11,ITA,6.0,R,R,1.0,0.0,7,0.0,A
11,BRA,6.0,R,L,1.0,1.0,8,0.0,M
11,ITA,2.0,R,C,0.0,0.0,9,1.0,A
12,ARG,9.0,L,R,1.0,1.0,1,0.0,M
12,ENG,1.0,R,L,1.0,1.0,2,0.0,A
12,ARG,6.0,R,R,1.0,0.0,3,0.0,A
12,ENG,6.0,R,R,1.0,0.0,4,0.0,M
12,ARG,1.0,R,L,1.0,1.0,5,0.0,M
12,ENG,1.0,R,L,1.0,1.0,6,0.0,M
12,ARG,7.0,R,L,1.0,1.0,7,0.0,M
12,ENG,1.0,R,R,1.0,1.0,8,0.0,A
12,ARG,9.0,R,C,1.0,1.0,9,0.0,D
12,ENG,5.0,R,L,1.0,0.0,10,1.0,M
13,FRA,7.0,R,R,1.0,1.0,1,0.0,M
13,ITA,9.0,R,C,1.0,1.0,2,0.0,A
13,FRA,7.0,L,L,1.0,0.0,3,0.0,D
13,ITA,7.0,R,L,1.0,0.0,4,0.0,M
13,FRA,7.0,R,R,1.0,1.0,5,0.0,A
13,ITA,4.0,R,L,1.0,1.0,6,0.0,D
13,FRA,9.0,R,R,1.0,1.0,7,0.0,A
13,ITA,3.0,L,R,1.0,1.0,8,0.0,A
13,FRA,5.0,R,R,1.0,1.0,9,0.0,D
13,ITA,2.0,R,R,0.0,0.0,10,0.0,M
14,BRA,2.0,R,R,1.0,1.0,1,0.0,A
14,HOL,4.0,L,L,1.0,1.0,2,0.0,M
14,BRA,6.0,L,L,1.0,1.0,3,0.0,M
14,HOL,9.0,R,R,1.0,1.0,4,0.0,M
14,BRA,5.0,R,R,1.0,1.0,5,0.0,D
14,HOL,6.0,L,R,1.0,0.0,6,0.0,A
14,BRA,1.0,R,L,1.0,1.0,7,0.0,M
14,HOL,7.0,R,L,1.0,0.0,8,1.0,M
15,IRE,2.0,R,R,1.0,1.0,1,0.0,A
15,SPA,4.0,R,R,1.0,1.0,2,0.0,D
15,IRE,2.0,R,R,0.0,0.0,3,0.0,M
15,SPA,6.0,R,C,1.0,1.0,4,0.0,M
15,IRE,5.0,R,C,1.0,0.0,5,0.0,A
15,SPA,9.0,L,C,0.0,0.0,6,0.0,D
15,IRE,6.0,L,R,1.0,0.0,7,0.0,M
15,SPA,7.0,R,R,0.0,0.0,8,1.0,M
15,IRE,3.0,R,C,1.0,1.0,9,1.0,D
15,SPA,8.0,R,L,1.0,1.0,10,1.0,M
16,KOR,9.0,R,R,1.0,1.0,1,0.0,A
16,SPA,5.0,R,R,1.0,1.0,2,0.0,D
16,KOR,6.0,R,C,1.0,1.0,3,0.0,M
16,SPA,7.0,R,R,1.0,1.0,4,0.0,M
16,KOR,6.0,R,L,1.0,1.0,5,0.0,A
16,SPA,3.0,R,C,1.0,1.0,6,0.0,M
16,KOR,8.0,R,L,1.0,1.0,7,0.0,A
16,SPA,5.0,R,C,1.0,0.0,8,0.0,M
16,KOR,3.0,R,L,1.0,1.0,9,1.0,D
17,UKR,7.0,R,L,1.0,0.0,1,0.0,A
17,SWZ,7.0,L,L,1.0,0.0,2,0.0,A
17,UKR,5.0,R,L,1.0,1.0,3,0.0,A
17,SWZ,1.0,R,L,0.0,0.0,4,0.0,M
17,UKR,6.0,R,L,1.0,1.0,5,0.0,A
17,SWZ,2.0,R,R,1.0,0.0,6,0.0,M
17,UKR,7.0,R,R,1.0,1.0,7,1.0,M
18,GER,6.0,R,R,1.0,1.0,1,0.0,A
18,ARG,1.0,R,L,1.0,1.0,2,0.0,A
18,GER,4.0,R,C,1.0,1.0,3,0.0,M
18,ARG,9.0,R,R,1.0,0.0,4,0.0,D
18,GER,9.0,L,L,1.0,1.0,5,0.0,A
18,ARG,7.0,R,L,1.0,1.0,6,0.0,M
18,GER,9.0,R,L,1.0,1.0,7,0.0,M
18,ARG,9.0,L,R,1.0,0.0,8,1.0,M
19,POR,7.0,R,L,1.0,1.0,1,0.0,M
19,ENG,8.0,R,C,1.0,0.0,2,0.0,M
19,POR,4.0,L,R,0.0,0.0,3,0.0,M
19,ENG,7.0,R,L,1.0,1.0,4,0.0,M
19,POR,7.0,R,L,0.0,0.0,5,0.0,M
19,ENG,5.0,R,R,1.0,0.0,6,0.0,M
19,POR,4.0,R,C,1.0,1.0,7,0.0,A
19,ENG,7.0,R,L,1.0,0.0,8,0.0,D
19,POR,6.0,R,L,1.0,1.0,9,1.0,A
20,ITA,2.0,R,L,1.0,1.0,1,0.0,M
20,FRA,9.0,R,L,1.0,1.0,2,0.0,A
20,ITA,9.0,L,R,1.0,1.0,3,0.0,D
20,FRA,1.0,R,R,0.0,0.0,4,0.0,A
20,ITA,1.0,R,L,1.0,1.0,5,0.0,M
20,FRA,7.0,L,R,1.0,1.0,6,0.0,D
20,ITA,4.0,R,R,1.0,1.0,7,0.0,A
20,FRA,3.0,R,L,1.0,1.0,8,0.0,D
20,ITA,3.0,L,L,1.0,1.0,9,1.0,D
21,PAR,7.0,R,L,1.0,1.0,1,0.0,M
21,JAP,6.0,R,L,1.0,1.0,2,0.0,M
21,PAR,9.0,R,R,1.0,1.0,3,0.0,A
21,JAP,4.0,R,L,1.0,1.0,4,0.0,M
21,PAR,9.0,R,L,1.0,1.0,5,0.0,M
21,JAP,1.0,R,L,0.0,0.0,6,0.0,D
21,PAR,2.0,R,L,1.0,1.0,7,0.0,A
21,JAP,8.0,L,R,1.0,1.0,8,1.0,M
21,PAR,7.0,L,R,1.0,1.0,9,1.0,A
22,URU,6.0,R,L,1.0,1.0,1,0.0,A
22,GHA,3.0,R,R,1.0,1.0,2,0.0,A
22,URU,1.0,R,L,1.0,1.0,3,0.0,D
22,GHA,1.0,R,L,1.0,1.0,4,0.0,M
22,URU,8.0,R,C,1.0,1.0,5,0.0,D
22,GHA,8.0,R,R,1.0,0.0,6,0.0,D
22,URU,2.0,R,L,0.0,0.0,7,0.0,D
22,GHA,9.0,R,R,1.0,0.0,8,0.0,A
22,URU,5.0,L,L,1.0,1.0,9,1.0,A
23,BRA,4.0,R,R,1.0,1.0,1,0.0,D
23,CHI,5.0,R,C,1.0,0.0,2,0.0,A
23,BRA,7.0,R,C,0.0,0.0,3,0.0,M
23,CHI,7.0,R,L,1.0,0.0,4,0.0,A
23,BRA,6.0,L,R,1.0,1.0,5,0.0,D
23,CHI,3.0,R,C,1.0,1.0,6,0.0,M
23,BRA,8.0,L,R,1.0,0.0,7,0.0,A
23,CHI,8.0,R,R,1.0,1.0,8,0.0,M
23,BRA,7.0,R,C,1.0,1.0,9,0.0,A
23,CHI,6.0,R,R,0.0,0.0,10,1.0,D
24,CRA,2.0,R,L,1.0,1.0,1,0.0,M
24,GRE,4.0,L,C,1.0,1.0,2,0.0,A
24,CRA,3.0,L,L,1.0,1.0,3,0.0,M
24,GRE,9.0,R,L,1.0,1.0,4,0.0,M
24,CRA,5.0,R,L,1.0,1.0,5,0.0,D
24,GRE,3.0,L,R,1.0,1.0,6,0.0,D
24,CRA,7.0,L,C,1.0,1.0,7,0.0,A
24,GRE,4.0,R,L,1.0,0.0,8,0.0,A
24,CRA,1.0,R,L,1.0,1.0,9,1.0,D
25,CRA,9.0,R,R,1.0,1.0,1,0.0,M
25,HOL,9.0,L,R,1.0,1.0,2,0.0,A
25,CRA,9.0,L,R,1.0,0.0,3,0.0,M
25,HOL,1.0,L,R,1.0,1.0,4,0.0,A
25,CRA,6.0,R,R,1.0,1.0,5,0.0,D
25,HOL,4.0,R,R,1.0,1.0,6,0.0,M
25,CRA,1.0,R,L,1.0,1.0,7,0.0,M
25,HOL,7.0,R,L,1.0,1.0,8,0.0,A
25,CRA,9.0,R,R,1.0,0.0,9,1.0,D
26,HOL,9.0,R,R,1.0,0.0,1,0.0,D
26,ARG,4.0,L,C,1.0,1.0,2,0.0,A
26,HOL,9.0,L,L,1.0,1.0,3,0.0,A
26,ARG,2.0,R,L,1.0,1.0,4,0.0,D
26,HOL,4.0,R,L,1.0,0.0,5,0.0,M
26,ARG,7.0,R,L,1.0,1.0,6,0.0,A
26,HOL,9.0,R,L,1.0,1.0,7,0.0,A
26,ARG,4.0,R,L,1.0,1.0,8,1.0,M
27,SPA,6.0,R,C,1.0,1.0,1,0.0,M
27,RUS,4.0,R,L,1.0,1.0,2,0.0,A
27,SPA,7.0,R,R,1.0,1.0,3,0.0,D
27,RUS,6.0,R,L,1.0,1.0,4,0.0,D
27,SPA,7.0,R,L,1.0,0.0,5,0.0,M
27,RUS,7.0,R,L,1.0,1.0,6,0.0,M
27,SPA,4.0,R,R,1.0,1.0,7,0.0,D
27,RUS,8.0,L,L,1.0,1.0,8,0.0,M
27,SPA,8.0,L,L,1.0,0.0,9,1.0,A
28,DEN,7.0,R,L,1.0,0.0,1,0.0,M
28,CRO,7.0,R,L,1.0,0.0,2,0.0,M
28,DEN,3.0,R,C,1.0,1.0,3,0.0,D
28,CRO,7.0,R,C,1.0,1.0,4,0.0,A
28,DEN,7.0,R,R,1.0,1.0,5,0.0,M
28,CRO,8.0,R,R,1.0,1.0,6,0.0,M
28,DEN,4.0,R,L,1.0,0.0,7,0.0,M
28,CRO,7.0,L,L,1.0,0.0,8,0.0,D
28,DEN,8.0,R,R,1.0,0.0,9,0.0,A
28,CRO,7.0,R,C,1.0,1.0,10,1.0,M
29,COL,5.0,R,L,1.0,1.0,1,0.0,A
29,ENG,7.0,R,L,1.0,1.0,2,0.0,A
29,COL,1.0,R,L,1.0,1.0,3,0.0,M
29,ENG,7.0,R,L,1.0,1.0,4,0.0,A
29,COL,9.0,R,L,1.0,1.0,5,0.0,A
29,ENG,9.0,R,R,1.0,0.0,6,0.0,M
29,COL,3.0,R,R,0.0,0.0,7,0.0,M
29,ENG,1.0,R,L,1.0,1.0,8,0.0,D
29,COL,4.0,R,L,1.0,0.0,9,0.0,A
29,ENG,7.0,R,L,1.0,1.0,10,1.0,M
30,RUS,5.0,R,C,1.0,0.0,1,0.0,A
30,CRO,6.0,R,R,1.0,1.0,2,0.0,M
30,RUS,9.0,R,C,1.0,1.0,3,0.0,M
30,CRO,9.0,R,R,1.0,0.0,4,0.0,M
30,RUS,7.0,R,C,0.0,0.0,5,0.0,D
30,CRO,7.0,R,L,1.0,1.0,6,0.0,M
30,RUS,7.0,R,R,1.0,1.0,7,0.0,D
30,CRO,4.0,R,R,1.0,1.0,8,0.0,D
30,RUS,7.0,R,R,1.0,1.0,9,1.0,M
30,CRO,7.0,R,R,1.0,1.0,10,1.0,M
31,Bayern Munich,6,R,,1.0,1.0,1,0.0,D
31,Chelsea,8,L,,1.0,0.0,2,0.0,M
31,Bayern Munich,9,R,,1.0,1.0,3,0.0,A
31,Chelsea,3,R,,1.0,1.0,4,0.0,D
31,Bayern Munich,7,R,,1.0,1.0,5,0.0,G
31,Chelsea,2,R,,1.0,1.0,6,0.0,D
31,Bayern Munich,6,L,,1.0,0.0,7,0.0,A
31,Chelsea,6,L,,1.0,1.0,8,0.0,D
31,Bayern Munich,6,R,,1.0,0.0,9,0.0,D
31,Chelsea,7,R,,1.0,1.0,10,1.0,A
32,Real Madrid,9,R,,1.0,1.0,1,0.0,A
32,Atlético Madrid,7,L,,1.0,1.0,2,0.0,A
32,Real Madrid,6,L,,1.0,1.0,3,0.0,D
32,Atlético Madrid,1,R,,1.0,1.0,4,0.0,D
32,Real Madrid,9,L,,1.0,1.0,5,0.0,A
32,Atlético Madrid,7,L,,1.0,1.0,6,0.0,M
32,Real Madrid,9,R,,1.0,1.0,7,0.0,D
32,Atlético Madrid,7,R,,0.0,0.0,8,0.0,D
32,Real Madrid,3,R,,1.0,1.0,9,1.0,A
33,AC Milan,1,L,,0.0,0.0,1,0.0,M
33,Liverpool,4,R,,1.0,1.0,2,0.0,D
33,AC Milan,7,R,,1.0,0.0,3,0.0,D
33,Liverpool,9,R,,1.0,1.0,4,0.0,A
33,AC Milan,7,R,,1.0,1.0,5,0.0,A
33,Liverpool,7,L,,1.0,0.0,6,0.0,M
33,AC Milan,1,R,,1.0,1.0,7,0.0,M
33,Liverpool,9,R,,1.0,1.0,8,1.0,M
34,Netherlands,4,R,,1.0,0.0,1,0.0,D
34,Argentina,8,L,,1.0,1.0,2,0.0,A
34,Netherlands,6,L,,1.0,0.0,3,0.0,M
34,Argentina,4,R,,1.0,1.0,4,0.0,D
34,Netherlands,6,L,,1.0,1.0,5,0.0,D
34,Argentina,6,R,,1.0,1.0,6,0.0,D
34,Netherlands,7,R,,1.0,1.0,7,0.0,A
34,Argentina,,R,,0.0,0.0,8,0.0,M
34,Netherlands,7,R,,1.0,1.0,9,0.0,A
34,Argentina,4,R,,1.0,1.0,10,1.0,A
35,France,4,R,,1.0,1.0,1,0.0,A
35,Argentina,7,L,,1.0,1.0,2,0.0,A
35,France,4,R,,1.0,0.0,3,0.0,M
35,Argentina,8,L,,1.0,1.0,4,0.0,M
35,France,,R,,0.0,0.0,5,0.0,D
35,Argentina,7,R,,1.0,1.0,6,0.0,D
35,France,5,R,,1.0,1.0,7,0.0,A
35,Argentina,7,R,,1.0,1.0,8,1.0,A
36,Croatia,2,R,,1.0,1.0,1,0.0,M
36,Brazil,6,R,,1.0,0.0,2,0.0,M
36,Croatia,8,L,,1.0,1.0,3,0.0,D
36,Brazil,7,R,,1.0,1.0,4,0.0,D
36,Croatia,7,R,,1.0,1.0,5,0.0,D
36,Brazil,7,R,,1.0,1.0,6,0.0,A
36,Croatia,7,R,,1.0,1.0,7,0.0,M
36,Brazil,,R,,0.0,0.0,8,1.0,D
37,Japan,9,R,,1.0,0.0,1,0.0,A
37,Croatia,4,R,,1.0,1.0,2,0.0,M
37,Japan,7,R,,1.0,0.0,3,0.0,A
37,Croatia,5,R,,1.0,1.0,4,0.0,D
37,Japan,6,R,,1.0,1.0,5,0.0,A
37,Croatia,7,R,,0.0,0.0,6,0.0,A
37,Japan,7,R,,1.0,0.0,7,0.0,D
37,Croatia,7,R,,1.0,1.0,8,1.0,A
38,Morocco,9,R,,1.0,1.0,1,0.0,D
38,Spain,9,L,,0.0,0.0,2,0.0,A
38,Morocco,5,L,,1.0,1.0,3,0.0,A
38,Spain,9,R,,1.0,0.0,4,0.0,M
38,Morocco,7,R,,1.0,0.0,5,0.0,D
38,Spain,7,R,,1.0,0.0,6,0.0,D
38,Morocco,8,R,,1.0,1.0,7,1.0,A
39,England Women's,5,R,,1.0,0.0,1,0.0,M
39,Spain Women's,5,R,,1.0,1.0,2,0.0,D
39,England Women's,9,L,,1.0,1.0,3,0.0,D
39,Spain Women's,6,R,,1.0,0.0,4,0.0,M
39,England Women's,7,R,,1.0,1.0,5,0.0,D
39,Spain Women's,4,R,,1.0,0.0,6,0.0,M
39,England Women's,6,R,,1.0,0.0,7,0.0,D
39,Spain Women's,,L,,0.0,0.0,8,0.0,A
39,England Women's,4,R,,1.0,1.0,9,1.0,A
40,Germany Women's,6,R,,1.0,1.0,1,0.0,D
40,France Women's,6,L,,1.0,0.0,2,0.0,M
40,Germany Women's,3,R,,1.0,1.0,3,0.0,M
40,France Women's,9,L,,1.0,1.0,4,0.0,M
40,Germany Women's,7,L,,1.0,1.0,5,0.0,D
40,France Women's,4,R,,1.0,1.0,6,0.0,A
40,Germany Women's,3,L,,0.0,0.0,7,0.0,D
40,France Women's,4,L,,1.0,1.0,8,0.0,A
40,Germany Women's,6,R,,1.0,1.0,9,0.0,G
40,France Women's,7,R,,1.0,1.0,10,0.0,D
40,Germany Women's,3,R,,1.0,1.0,11,0.0,M
40,France Women's,4,R,,1.0,1.0,12,0.0,D
40,Germany Women's,6,R,,1.0,1.0,13,0.0,D
40,France Women's,6,R,,1.0,0.0,14,1.0,D
41,England Women's,4,R,,1.0,1.0,1,0.0,M
41,Sweden Women's,6,R,,1.0,0.0,2,0.0,D
41,England Women's,4,R,,1.0,0.0,3,0.0,A
41,Sweden Women's,1,R,,1.0,1.0,4,0.0,D
41,England Women's,4,R,,1.0,0.0,5,0.0,D
41,Sweden Women's,,L,,0.0,0.0,6,0.0,D
41,England Women's,6,L,,1.0,0.0,7,0.0,D
41,Sweden Women's,6,R,,1.0,1.0,8,0.0,D
41,England Women's,6,R,,1.0,1.0,9,0.0,A
41,Sweden Women's,1,R,,0.0,0.0,10,0.0,G
41,England Women's,7,R,,1.0,0.0,11,0.0,D
41,Sweden Women's,4,R,,0.0,0.0,12,0.0,A
41,England Women's,2,R,,1.0,1.0,13,0.0,D
41,Sweden Women's,1,R,,0.0,0.0,14,1.0,D
42,Spain,7,R,,0.0,0.0,1,0.0,D
42,Switzerland,4,R,,1.0,1.0,2,0.0,A
42,Spain,1,R,,1.0,1.0,3,0.0,A
42,Switzerland,7,R,,1.0,0.0,4,0.0,M
42,Spain,9,R,,1.0,0.0,5,0.0,M
42,Switzerland,7,R,,1.0,0.0,6,0.0,D
42,Spain,3,L,,1.0,1.0,7,0.0,A
42,Switzerland,2,R,,0.0,0.0,8,0.0,A
42,Spain,9,L,,1.0,1.0,9,1.0,A
43,Italy,7,R,,1.0,0.0,1,0.0,M
43,Spain,1,R,,0.0,0.0,2,0.0,A
43,Italy,7,R,,1.0,1.0,3,0.0,A
43,Spain,6,L,,1.0,1.0,4,0.0,A
43,Italy,9,R,,1.0,1.0,5,0.0,D
43,Spain,7,R,,1.0,1.0,6,0.0,D
43,Italy,3,L,,1.0,1.0,7,0.0,A
43,Spain,9,R,,1.0,0.0,8,0.0,A
43,Italy,9,R,,1.0,1.0,9,1.0,D
44,Italy,7,L,,1.0,1.0,1,0.0,A
44,England,4,R,,1.0,1.0,2,0.0,A
44,Italy,9,R,,1.0,0.0,3,0.0,A
44,England,3,R,,1.0,1.0,4,0.0,D
44,Italy,4,R,,1.0,1.0,5,0.0,D
44,England,,R,,0.0,0.0,6,0.0,D
44,Italy,8,L,,1.0,1.0,7,0.0,A
44,England,9,R,,1.0,0.0,8,0.0,M
44,Italy,7,R,,0.0,0.0,9,0.0,D
44,England,6,L,,1.0,0.0,10,1.0,M
45,Switzerland,1,R,,1.0,1.0,1,0.0,A
45,France,1,R,,1.0,1.0,2,0.0,D
45,Switzerland,6,R,,1.0,1.0,3,0.0,D
45,France,6,L,,1.0,1.0,4,0.0,A
45,Switzerland,7,R,,1.0,1.0,5,0.0,D
45,France,4,R,,1.0,1.0,6,0.0,M
45,Switzerland,7,R,,1.0,1.0,7,0.0,M
45,France,3,L,,1.0,1.0,8,0.0,D
45,Switzerland,9,R,,1.0,1.0,9,0.0,A
45,France,4,R,,1.0,0.0,10,1.0,A
46,England,4,L,,1.0,1.0,1,0.0,M
46,Switzerland,9,R,,1.0,0.0,2,0.0,D
46,England,9,R,,1.0,1.0,3,0.0,D
46,Switzerland,9,R,,1.0,1.0,4,0.0,D
46,England,9,L,,1.0,1.0,5,0.0,A
46,Switzerland,6,L,,1.0,1.0,6,0.0,A
46,England,7,R,,1.0,1.0,7,0.0,A
46,Switzerland,8,R,,1.0,1.0,8,0.0,M
46,England,4,R,,1.0,1.0,9,1.0,A
47,France,9,R,,1.0,1.0,1,0.0,A
47,Portugal,7,R,,1.0,1.0,2,0.0,A
47,France,8,R,,1.0,1.0,3,0.0,M
47,Portugal,3,L,,1.0,1.0,4,0.0,M
47,France,1,R,,1.0,1.0,5,0.0,D
47,Portugal,7,R,,0.0,0.0,6,0.0,M
47,France,4,R,,1.0,1.0,7,0.0,A
47,Portugal,3,L,,1.0,1.0,8,0.0,D
47,France,1,L,,1.0,1.0,9,1.0,D
48,Slovenia,6,L,,1.0,0.0,1,0.0,M
48,Portugal,7,R,,1.0,1.0,2,0.0,A
48,Slovenia,4,L,,1.0,0.0,3,0.0,D
48,Portugal,7,R,,1.0,1.0,4,0.0,D
48,Slovenia,4,R,,1.0,0.0,5,0.0,M
48,Portugal,6,L,,1.0,1.0,6,1.0,A
49,Norway Women's,9,R,,1.0,1.0,1,0.0,M
49,Australia Women's,3,R,,0.0,0.0,2,0.0,A
49,Norway Women's,9,L,,1.0,1.0,3,0.0,M
49,Australia Women's,7,R,,1.0,0.0,4,0.0,A
49,Norway Women's,7,R,,1.0,1.0,5,0.0,D
49,Australia Women's,6,L,,1.0,1.0,6,0.0,D
49,Norway Women's,6,R,,1.0,1.0,7,1.0,M
50,France Women's,4,L,,1.0,0.0,1,0.0,M
50,Australia Women's,7,R,,1.0,1.0,2,0.0,M
50,France Women's,7,R,,1.0,1.0,3,0.0,A
50,Australia Women's,4,L,,1.0,0.0,4,0.0,D
50,France Women's,4,R,,1.0,1.0,5,0.0,D
50,Australia Women's,8,R,,1.0,1.0,6,0.0,A
50,France Women's,9,R,,1.0,1.0,7,0.0,A
50,Australia Women's,7,R,,1.0,1.0,8,0.0,A
50,France Women's,7,R,,0.0,0.0,9,0.0,D
50,Australia Women's,6,R,,0.0,0.0,10,0.0,G
50,France Women's,7,R,,1.0,1.0,11,0.0,D
50,Australia Women's,7,R,,1.0,1.0,12,0.0,D
50,France Women's,2,L,,1.0,1.0,13,0.0,D
50,Australia Women's,9,R,,1.0,1.0,14,0.0,D
50,France Women's,5,R,,1.0,1.0,15,0.0,D
50,Australia Women's,7,R,,1.0,1.0,16,0.0,D
50,France Women's,9,R,,1.0,0.0,17,0.0,D
50,Australia Women's,4,R,,1.0,0.0,18,0.0,D
50,France Women's,7,R,,0.0,0.0,19,0.0,M
50,Australia Women's,9,R,,1.0,1.0,20,1.0,M
51,United States Women's,7,R,,1.0,1.0,1,0.0,D
51,Sweden Women's,9,L,,1.0,1.0,2,0.0,M
51,United States Women's,4,R,,1.0,1.0,3,0.0,M
51,Sweden Women's,4,R,,1.0,1.0,4,0.0,D
51,United States Women's,1,L,,1.0,1.0,5,0.0,D
51,Sweden Women's,1,R,,0.0,0.0,6,0.0,D
51,United States Women's,3,R,,0.0,0.0,7,0.0,A
51,Sweden Women's,6,R,,1.0,0.0,8,0.0,A
51,United States Women's,,R,,0.0,0.0,9,0.0,A
51,Sweden Women's,1,R,,1.0,1.0,10,0.0,D
51,United States Women's,2,R,,1.0,1.0,11,0.0,G
51,Sweden Women's,3,L,,1.0,1.0,12,0.0,D
51,United States Women's,,R,,0.0,0.0,13,0.0,D
51,Sweden Women's,4,R,,1.0,1.0,14,1.0,A
52,England Women's,,R,,0.0,0.0,1,0.0,D
52,Nigeria Women's,,R,,0.0,0.0,2,0.0,M
52,England Women's,2,R,,1.0,1.0,3,0.0,A
52,Nigeria Women's,2,L,,0.0,0.0,4,0.0,A
52,England Women's,1,R,,1.0,1.0,5,0.0,M
52,Nigeria Women's,6,R,,1.0,1.0,6,0.0,A
52,England Women's,6,L,,1.0,1.0,7,0.0,D
52,Nigeria Women's,3,R,,1.0,1.0,8,0.0,D
52,England Women's,1,R,,1.0,1.0,9,1.0,M
53,Canada,7,R,,1.0,1.0,1,0.0,A
53,Uruguay,7,R,,1.0,1.0,2,0.0,M
53,Canada,9,R,,1.0,1.0,3,0.0,D
53,Uruguay,1,R,,1.0,1.0,4,0.0,D
53,Canada,7,R,,1.0,0.0,5,0.0,D
53,Uruguay,2,R,,1.0,1.0,6,0.0,M
53,Canada,4,R,,1.0,1.0,7,0.0,D
53,Uruguay,6,R,,1.0,1.0,8,0.0,A
53,Canada,2,L,,0.0,0.0,9,1.0,D
54,Uruguay,7,R,,1.0,1.0,1,0.0,M
54,Brazil,6,R,,1.0,0.0,2,0.0,D
54,Uruguay,9,R,,1.0,1.0,3,0.0,D
54,Brazil,7,R,,1.0,1.0,4,0.0,D
54,Uruguay,1,R,,1.0,1.0,5,0.0,A
54,Brazil,7,R,,0.0,0.0,6,0.0,D
54,Uruguay,6,R,,1.0,0.0,7,0.0,D
54,Brazil,6,R,,1.0,1.0,8,0.0,M
54,Uruguay,6,R,,1.0,1.0,9,1.0,D
55,Venezuela,9,R,,1.0,1.0,1,0.0,A
55,Canada,6,R,,1.0,1.0,2,0.0,M
55,Venezuela,7,R,,0.0,0.0,3,0.0,D
55,Canada,3,R,,0.0,0.0,4,0.0,A
55,Venezuela,5,R,,1.0,1.0,5,0.0,D
55,Canada,9,R,,1.0,1.0,6,0.0,D
55,Venezuela,4,R,,0.0,0.0,7,0.0,M
55,Canada,6,R,,1.0,0.0,8,0.0,D
55,Venezuela,9,R,,1.0,1.0,9,0.0,A
55,Canada,3,L,,1.0,1.0,10,0.0,D
55,Venezuela,9,R,,1.0,0.0,11,0.0,D
55,Canada,7,R,,1.0,1.0,12,1.0,D
56,Argentina,2,L,,0.0,0.0,1,0.0,A
56,Ecuador,6,L,,1.0,0.0,2,0.0,D
56,Argentina,3,R,,1.0,1.0,3,0.0,A
56,Ecuador,4,R,,1.0,0.0,4,0.0,M
56,Argentina,9,R,,1.0,1.0,5,0.0,D
56,Ecuador,3,L,,1.0,1.0,6,0.0,M
56,Argentina,9,R,,1.0,1.0,7,0.0,D
56,Ecuador,5,R,,1.0,1.0,8,0.0,A
56,Argentina,7,R,,1.0,1.0,9,1.0,D
57,Kerala Blasters,4,R,,1.0,0.0,1,0.0,D
57,Hyderabad,4,R,,1.0,1.0,2,0.0,D
57,Kerala Blasters,7,R,,1.0,0.0,3,0.0,M
57,Hyderabad,1,R,,0.0,0.0,4,0.0,A
57,Kerala Blasters,3,R,,1.0,1.0,5,0.0,D
57,Hyderabad,6,R,,1.0,1.0,6,0.0,D
57,Kerala Blasters,6,R,,1.0,0.0,7,0.0,D
57,Hyderabad,5,L,,1.0,1.0,8,1.0,M
58,Egypt,4,R,,1.0,1.0,1,0.0,D
58,Congo DR,6,L,,1.0,1.0,2,0.0,D
58,Egypt,,R,,0.0,0.0,3,0.0,A
58,Congo DR,2,L,,0.0,0.0,4,0.0,D
58,Egypt,1,R,,1.0,1.0,5,0.0,M
58,Congo DR,8,L,,1.0,1.0,6,0.0,A
58,Egypt,9,R,,1.0,1.0,7,0.0,D
58,Congo DR,9,R,,1.0,1.0,8,0.0,A
58,Egypt,6,R,,1.0,1.0,9,0.0,D
58,Congo DR,9,R,,1.0,1.0,10,0.0,D
58,Egypt,7,R,,1.0,1.0,11,0.0,D
58,Congo DR,6,R,,1.0,1.0,12,0.0,D
58,Egypt,3,L,,1.0,1.0,13,0.0,M
58,Congo DR,9,R,,1.0,1.0,14,0.0,D
58,Egypt,4,R,,1.0,1.0,15,0.0,D
58,Congo DR,4,R,,1.0,1.0,16,0.0,D
58,Egypt,1,R,,0.0,0.0,17,0.0,G
58,Congo DR,3,R,,1.0,1.0,18,1.0,G
59,Cape Verde Islands,7,R,,1.0,0.0,1,0.0,A
59,South Africa,1,R,,1.0,1.0,2,0.0,M
59,Cape Verde Islands,4,R,,1.0,0.0,3,0.0,A
59,South Africa,2,R,,0.0,0.0,4,0.0,A
59,Cape Verde Islands,4,R,,1.0,0.0,5,0.0,M
59,South Africa,9,L,,1.0,0.0,6,0.0,D
59,Cape Verde Islands,6,R,,1.0,1.0,7,0.0,D
59,South Africa,4,R,,1.0,1.0,8,0.0,D
59,Cape Verde Islands,6,L,,1.0,0.0,9,1.0,D
60,South Africa,7,R,,0.0,0.0,1,0.0,M
60,Congo DR,1,L,,1.0,1.0,2,0.0,D
60,South Africa,6,R,,1.0,1.0,3,0.0,D
60,Congo DR,5,R,,1.0,1.0,4,0.0,D
60,South Africa,7,R,,1.0,1.0,5,0.0,D
60,Congo DR,5,R,,1.0,1.0,6,0.0,A
60,South Africa,9,L,,1.0,1.0,7,0.0,A
60,Congo DR,8,L,,1.0,1.0,8,0.0,D
60,South Africa,4,R,,1.0,1.0,9,0.0,A
60,Congo DR,4,R,,1.0,0.0,10,0.0,D
60,South Africa,7,R,,1.0,1.0,11,0.0,A
60,Congo DR,6,R,,1.0,1.0,12,0.0,A
60,South Africa,7,R,,1.0,1.0,13,0.0,D
60,Congo DR,4,R,,1.0,0.0,14,1.0,A
61,Nigeria,8,L,,1.0,1.0,1,0.0,A
61,South Africa,4,R,,1.0,0.0,2,0.0,D
61,Nigeria,7,R,,1.0,1.0,3,0.0,A
61,South Africa,6,R,,1.0,1.0,4,0.0,M
61,Nigeria,1,R,,0.0,0.0,5,0.0,A
61,South Africa,7,R,,1.0,0.0,6,0.0,A
61,Nigeria,4,R,,1.0,1.0,7,0.0,D
61,South Africa,7,R,,1.0,1.0,8,0.0,D
61,Nigeria,6,L,,1.0,1.0,9,1.0,A
62,Senegal,6,R,,1.0,1.0,1,0.0,D
62,Côte d'Ivoire,7,L,,1.0,1.0,2,0.0,M
62,Senegal,4,R,,1.0,1.0,3,0.0,D
62,Côte d'Ivoire,9,R,,1.0,1.0,4,0.0,M
62,Senegal,4,L,,0.0,0.0,5,0.0,D
62,Côte d'Ivoire,4,R,,1.0,1.0,6,0.0,A
62,Senegal,7,R,,1.0,1.0,7,0.0,A
62,Côte d'Ivoire,1,R,,1.0,1.0,8,0.0,D
62,Senegal,5,R,,1.0,1.0,9,0.0,M
62,Côte d'Ivoire,3,R,,1.0,1.0,10,1.0,D
